<?xml version="1.0" encoding="UTF-8"?><rss version="2.0"
	xmlns:content="http://purl.org/rss/1.0/modules/content/"
	xmlns:wfw="http://wellformedweb.org/CommentAPI/"
	xmlns:dc="http://purl.org/dc/elements/1.1/"
	xmlns:atom="http://www.w3.org/2005/Atom"
	xmlns:sy="http://purl.org/rss/1.0/modules/syndication/"
	xmlns:slash="http://purl.org/rss/1.0/modules/slash/"
	>

<channel>
	<title>Videos Archives - Article</title>
	<atom:link href="/category/videos/feed/" rel="self" type="application/rss+xml" />
	<link>/category/videos/</link>
	<description></description>
	<lastBuildDate>Sun, 02 Apr 2023 09:54:40 +0000</lastBuildDate>
	<language>en-US</language>
	<sy:updatePeriod>
	hourly	</sy:updatePeriod>
	<sy:updateFrequency>
	1	</sy:updateFrequency>
	<generator>https://wordpress.org/?v=6.2.2</generator>
	<item>
		<title>Doctor k sath #MarkZuckerberg ❣️ 🥀I Love you🥀❣️ ❣️🥀I Miss You 🥀❣️</title>
		<link>/doctor-k-sath-markzuckerberg-%e2%9d%a3%ef%b8%8f-%f0%9f%a5%80i-love-you%f0%9f%a5%80%e2%9d%a3%ef%b8%8f-%e2%9d%a3%ef%b8%8f%f0%9f%a5%80i-miss-you-%f0%9f%a5%80%e2%9d%a3%ef%b8%8f/</link>
					<comments>/doctor-k-sath-markzuckerberg-%e2%9d%a3%ef%b8%8f-%f0%9f%a5%80i-love-you%f0%9f%a5%80%e2%9d%a3%ef%b8%8f-%e2%9d%a3%ef%b8%8f%f0%9f%a5%80i-miss-you-%f0%9f%a5%80%e2%9d%a3%ef%b8%8f/#respond</comments>
		
		<dc:creator><![CDATA[admin]]></dc:creator>
		<pubDate>Sun, 02 Apr 2023 09:54:40 +0000</pubDate>
				<category><![CDATA[Videos]]></category>
		<guid isPermaLink="false">/?p=12539</guid>

					<description><![CDATA[<p>Doctor k sath #MarkZuckerberg ❣️ 🥀I Love you🥀❣️ ❣️🥀I Miss You 🥀❣️</p>
<p>The post <a rel="nofollow" href="/doctor-k-sath-markzuckerberg-%e2%9d%a3%ef%b8%8f-%f0%9f%a5%80i-love-you%f0%9f%a5%80%e2%9d%a3%ef%b8%8f-%e2%9d%a3%ef%b8%8f%f0%9f%a5%80i-miss-you-%f0%9f%a5%80%e2%9d%a3%ef%b8%8f/">Doctor k sath #MarkZuckerberg ❣️ 🥀I Love you🥀❣️ ❣️🥀I Miss You 🥀❣️</a> appeared first on <a rel="nofollow" href="/">Article</a>.</p>
]]></description>
										<content:encoded><![CDATA[<p>Doctor k sath #MarkZuckerberg <img src="https://s.w.org/images/core/emoji/14.0.0/72x72/2763.png" alt="❣" class="wp-smiley" style="height: 1em; max-height: 1em;" /> <img src="https://s.w.org/images/core/emoji/14.0.0/72x72/1f940.png" alt="🥀" class="wp-smiley" style="height: 1em; max-height: 1em;" />I Love you<img src="https://s.w.org/images/core/emoji/14.0.0/72x72/1f940.png" alt="🥀" class="wp-smiley" style="height: 1em; max-height: 1em;" /><img src="https://s.w.org/images/core/emoji/14.0.0/72x72/2763.png" alt="❣" class="wp-smiley" style="height: 1em; max-height: 1em;" /> <img src="https://s.w.org/images/core/emoji/14.0.0/72x72/2763.png" alt="❣" class="wp-smiley" style="height: 1em; max-height: 1em;" /><img src="https://s.w.org/images/core/emoji/14.0.0/72x72/1f940.png" alt="🥀" class="wp-smiley" style="height: 1em; max-height: 1em;" />I Miss You <img src="https://s.w.org/images/core/emoji/14.0.0/72x72/1f940.png" alt="🥀" class="wp-smiley" style="height: 1em; max-height: 1em;" /><img src="https://s.w.org/images/core/emoji/14.0.0/72x72/2763.png" alt="❣" class="wp-smiley" style="height: 1em; max-height: 1em;" /></p>
<p><img decoding="async" src="/wp-content/uploads/2023/04/339031372_23853143517410316_5501693920108338484_n.jpg" alt="" width="526" height="526" class="aligncenter size-full wp-image-12540" srcset="/wp-content/uploads/2023/04/339031372_23853143517410316_5501693920108338484_n.jpg 526w, /wp-content/uploads/2023/04/339031372_23853143517410316_5501693920108338484_n-300x300.jpg 300w, /wp-content/uploads/2023/04/339031372_23853143517410316_5501693920108338484_n-150x150.jpg 150w" sizes="(max-width: 526px) 100vw, 526px" /><br />
<img decoding="async" src="/wp-content/uploads/2023/04/336264066_23853003814000316_4277256778935601863_n.jpg" alt="" width="526" height="528" class="aligncenter size-full wp-image-12537" srcset="/wp-content/uploads/2023/04/336264066_23853003814000316_4277256778935601863_n.jpg 526w, /wp-content/uploads/2023/04/336264066_23853003814000316_4277256778935601863_n-300x300.jpg 300w, /wp-content/uploads/2023/04/336264066_23853003814000316_4277256778935601863_n-150x150.jpg 150w" sizes="(max-width: 526px) 100vw, 526px" /></p>
<p><img decoding="async" src="/wp-content/uploads/2023/04/327603242_23853209055920282_7599949085577512178_n.jpg" alt="" width="526" height="526" class="aligncenter size-full wp-image-12532" srcset="/wp-content/uploads/2023/04/327603242_23853209055920282_7599949085577512178_n.jpg 526w, /wp-content/uploads/2023/04/327603242_23853209055920282_7599949085577512178_n-300x300.jpg 300w, /wp-content/uploads/2023/04/327603242_23853209055920282_7599949085577512178_n-150x150.jpg 150w" sizes="(max-width: 526px) 100vw, 526px" /></p>
<p><img decoding="async" src="/wp-content/uploads/2023/04/339027786_23853197779130755_7580739123074239459_n.jpeg" alt="" width="517" height="517" class="aligncenter size-full wp-image-12527" srcset="/wp-content/uploads/2023/04/339027786_23853197779130755_7580739123074239459_n.jpeg 517w, /wp-content/uploads/2023/04/339027786_23853197779130755_7580739123074239459_n-300x300.jpeg 300w, /wp-content/uploads/2023/04/339027786_23853197779130755_7580739123074239459_n-150x150.jpeg 150w" sizes="(max-width: 517px) 100vw, 517px" /></p>
<p><img decoding="async" src="/wp-content/uploads/2023/04/336010038_23853778428270209_4161839155211067421_n.jpeg" alt="" width="526" height="526" class="aligncenter size-full wp-image-12523" srcset="/wp-content/uploads/2023/04/336010038_23853778428270209_4161839155211067421_n.jpeg 526w, /wp-content/uploads/2023/04/336010038_23853778428270209_4161839155211067421_n-300x300.jpeg 300w, /wp-content/uploads/2023/04/336010038_23853778428270209_4161839155211067421_n-150x150.jpeg 150w" sizes="(max-width: 526px) 100vw, 526px" /></p>
<p><img decoding="async" src="/wp-content/uploads/2023/03/328145077_23852492604900704_6477625856153369792_n.jpg" alt="" width="526" height="526" class="aligncenter size-full wp-image-12517" srcset="/wp-content/uploads/2023/03/328145077_23852492604900704_6477625856153369792_n.jpg 526w, /wp-content/uploads/2023/03/328145077_23852492604900704_6477625856153369792_n-300x300.jpg 300w, /wp-content/uploads/2023/03/328145077_23852492604900704_6477625856153369792_n-150x150.jpg 150w" sizes="(max-width: 526px) 100vw, 526px" /></p>
<p><img decoding="async" src="/wp-content/uploads/2023/03/318345143_6299206944054_884320432167351183_n.jpg" alt="" width="526" height="526" class="aligncenter size-full wp-image-12512" srcset="/wp-content/uploads/2023/03/318345143_6299206944054_884320432167351183_n.jpg 526w, /wp-content/uploads/2023/03/318345143_6299206944054_884320432167351183_n-300x300.jpg 300w, /wp-content/uploads/2023/03/318345143_6299206944054_884320432167351183_n-150x150.jpg 150w" sizes="(max-width: 526px) 100vw, 526px" /></p>
<p><img decoding="async" src="/wp-content/uploads/2023/03/310464604_23851029038560176_75087921503469103_n.jpg" alt="" width="526" height="527" class="aligncenter size-full wp-image-12508" srcset="/wp-content/uploads/2023/03/310464604_23851029038560176_75087921503469103_n.jpg 526w, /wp-content/uploads/2023/03/310464604_23851029038560176_75087921503469103_n-300x300.jpg 300w, /wp-content/uploads/2023/03/310464604_23851029038560176_75087921503469103_n-150x150.jpg 150w" sizes="(max-width: 526px) 100vw, 526px" /></p>
<p>The post <a rel="nofollow" href="/doctor-k-sath-markzuckerberg-%e2%9d%a3%ef%b8%8f-%f0%9f%a5%80i-love-you%f0%9f%a5%80%e2%9d%a3%ef%b8%8f-%e2%9d%a3%ef%b8%8f%f0%9f%a5%80i-miss-you-%f0%9f%a5%80%e2%9d%a3%ef%b8%8f/">Doctor k sath #MarkZuckerberg ❣️ 🥀I Love you🥀❣️ ❣️🥀I Miss You 🥀❣️</a> appeared first on <a rel="nofollow" href="/">Article</a>.</p>
]]></content:encoded>
					
					<wfw:commentRss>/doctor-k-sath-markzuckerberg-%e2%9d%a3%ef%b8%8f-%f0%9f%a5%80i-love-you%f0%9f%a5%80%e2%9d%a3%ef%b8%8f-%e2%9d%a3%ef%b8%8f%f0%9f%a5%80i-miss-you-%f0%9f%a5%80%e2%9d%a3%ef%b8%8f/feed/</wfw:commentRss>
			<slash:comments>0</slash:comments>
		
		
			</item>
		<item>
		<title>#TALABD #EP.10🥀❤ I MISS YOU 🥀 🥀❤I LOVE YOU JANU</title>
		<link>/talabd-ep-10%f0%9f%a5%80%e2%9d%a4-i-miss-you-%f0%9f%a5%80-%f0%9f%a5%80%e2%9d%a4i-love-you-janu-24/</link>
					<comments>/talabd-ep-10%f0%9f%a5%80%e2%9d%a4-i-miss-you-%f0%9f%a5%80-%f0%9f%a5%80%e2%9d%a4i-love-you-janu-24/#respond</comments>
		
		<dc:creator><![CDATA[admin]]></dc:creator>
		<pubDate>Sat, 01 Apr 2023 18:57:55 +0000</pubDate>
				<category><![CDATA[Videos]]></category>
		<guid isPermaLink="false">/?p=12531</guid>

					<description><![CDATA[<p>#TALABD #EP.10🥀❤ I MISS YOU 🥀 🥀❤I LOVE YOU JANU</p>
<p>The post <a rel="nofollow" href="/talabd-ep-10%f0%9f%a5%80%e2%9d%a4-i-miss-you-%f0%9f%a5%80-%f0%9f%a5%80%e2%9d%a4i-love-you-janu-24/">#TALABD #EP.10🥀❤ I MISS YOU 🥀 🥀❤I LOVE YOU JANU</a> appeared first on <a rel="nofollow" href="/">Article</a>.</p>
]]></description>
										<content:encoded><![CDATA[<p>#TALABD #EP.10<img src="https://s.w.org/images/core/emoji/14.0.0/72x72/1f940.png" alt="🥀" class="wp-smiley" style="height: 1em; max-height: 1em;" /><img src="https://s.w.org/images/core/emoji/14.0.0/72x72/2764.png" alt="❤" class="wp-smiley" style="height: 1em; max-height: 1em;" /> I MISS YOU <img src="https://s.w.org/images/core/emoji/14.0.0/72x72/1f940.png" alt="🥀" class="wp-smiley" style="height: 1em; max-height: 1em;" /> <img src="https://s.w.org/images/core/emoji/14.0.0/72x72/1f940.png" alt="🥀" class="wp-smiley" style="height: 1em; max-height: 1em;" /><img src="https://s.w.org/images/core/emoji/14.0.0/72x72/2764.png" alt="❤" class="wp-smiley" style="height: 1em; max-height: 1em;" />I LOVE YOU JANU<br />
<img decoding="async" src="/wp-content/uploads/2023/04/327603242_23853209055920282_7599949085577512178_n.jpg" alt="" width="526" height="526" class="aligncenter size-full wp-image-12532" srcset="/wp-content/uploads/2023/04/327603242_23853209055920282_7599949085577512178_n.jpg 526w, /wp-content/uploads/2023/04/327603242_23853209055920282_7599949085577512178_n-300x300.jpg 300w, /wp-content/uploads/2023/04/327603242_23853209055920282_7599949085577512178_n-150x150.jpg 150w" sizes="(max-width: 526px) 100vw, 526px" /></p>
<p>The post <a rel="nofollow" href="/talabd-ep-10%f0%9f%a5%80%e2%9d%a4-i-miss-you-%f0%9f%a5%80-%f0%9f%a5%80%e2%9d%a4i-love-you-janu-24/">#TALABD #EP.10🥀❤ I MISS YOU 🥀 🥀❤I LOVE YOU JANU</a> appeared first on <a rel="nofollow" href="/">Article</a>.</p>
]]></content:encoded>
					
					<wfw:commentRss>/talabd-ep-10%f0%9f%a5%80%e2%9d%a4-i-miss-you-%f0%9f%a5%80-%f0%9f%a5%80%e2%9d%a4i-love-you-janu-24/feed/</wfw:commentRss>
			<slash:comments>0</slash:comments>
		
		
			</item>
		<item>
		<title>Dance Video : पाकिस्तान की खूबसूरत लड़की ने अपने डांस से लोगों को बनाया अपना दीवाना, देखिए ये खूबसूरत डांस वीडियो…</title>
		<link>/dance-video-%e0%a4%aa%e0%a4%be%e0%a4%95%e0%a4%bf%e0%a4%b8%e0%a5%8d%e0%a4%a4%e0%a4%be%e0%a4%a8-%e0%a4%95%e0%a5%80-%e0%a4%96%e0%a5%82%e0%a4%ac%e0%a4%b8%e0%a5%82%e0%a4%b0%e0%a4%a4-%e0%a4%b2%e0%a4%a1/</link>
					<comments>/dance-video-%e0%a4%aa%e0%a4%be%e0%a4%95%e0%a4%bf%e0%a4%b8%e0%a5%8d%e0%a4%a4%e0%a4%be%e0%a4%a8-%e0%a4%95%e0%a5%80-%e0%a4%96%e0%a5%82%e0%a4%ac%e0%a4%b8%e0%a5%82%e0%a4%b0%e0%a4%a4-%e0%a4%b2%e0%a4%a1/#respond</comments>
		
		<dc:creator><![CDATA[admin]]></dc:creator>
		<pubDate>Sat, 01 Apr 2023 14:19:33 +0000</pubDate>
				<category><![CDATA[Videos]]></category>
		<guid isPermaLink="false">/?p=12522</guid>

					<description><![CDATA[<p>Dance Video : पाकिस्तान की खूबसूरत लड़की ने अपने डांस से लोगों को बनाया अपना दीवाना, देखिए ये खूबसूरत डांस वीडियो…</p>
<p>The post <a rel="nofollow" href="/dance-video-%e0%a4%aa%e0%a4%be%e0%a4%95%e0%a4%bf%e0%a4%b8%e0%a5%8d%e0%a4%a4%e0%a4%be%e0%a4%a8-%e0%a4%95%e0%a5%80-%e0%a4%96%e0%a5%82%e0%a4%ac%e0%a4%b8%e0%a5%82%e0%a4%b0%e0%a4%a4-%e0%a4%b2%e0%a4%a1/">Dance Video : पाकिस्तान की खूबसूरत लड़की ने अपने डांस से लोगों को बनाया अपना दीवाना, देखिए ये खूबसूरत डांस वीडियो…</a> appeared first on <a rel="nofollow" href="/">Article</a>.</p>
]]></description>
										<content:encoded><![CDATA[<p>Dance Video : पाकिस्तान की खूबसूरत लड़की ने अपने डांस से लोगों को बनाया अपना दीवाना, देखिए ये खूबसूरत डांस वीडियो…<br />
<img decoding="async" src="/wp-content/uploads/2023/04/336010038_23853778428270209_4161839155211067421_n.jpeg" alt="" width="526" height="526" class="aligncenter size-full wp-image-12523" srcset="/wp-content/uploads/2023/04/336010038_23853778428270209_4161839155211067421_n.jpeg 526w, /wp-content/uploads/2023/04/336010038_23853778428270209_4161839155211067421_n-300x300.jpeg 300w, /wp-content/uploads/2023/04/336010038_23853778428270209_4161839155211067421_n-150x150.jpeg 150w" sizes="(max-width: 526px) 100vw, 526px" /></p>
<p>The post <a rel="nofollow" href="/dance-video-%e0%a4%aa%e0%a4%be%e0%a4%95%e0%a4%bf%e0%a4%b8%e0%a5%8d%e0%a4%a4%e0%a4%be%e0%a4%a8-%e0%a4%95%e0%a5%80-%e0%a4%96%e0%a5%82%e0%a4%ac%e0%a4%b8%e0%a5%82%e0%a4%b0%e0%a4%a4-%e0%a4%b2%e0%a4%a1/">Dance Video : पाकिस्तान की खूबसूरत लड़की ने अपने डांस से लोगों को बनाया अपना दीवाना, देखिए ये खूबसूरत डांस वीडियो…</a> appeared first on <a rel="nofollow" href="/">Article</a>.</p>
]]></content:encoded>
					
					<wfw:commentRss>/dance-video-%e0%a4%aa%e0%a4%be%e0%a4%95%e0%a4%bf%e0%a4%b8%e0%a5%8d%e0%a4%a4%e0%a4%be%e0%a4%a8-%e0%a4%95%e0%a5%80-%e0%a4%96%e0%a5%82%e0%a4%ac%e0%a4%b8%e0%a5%82%e0%a4%b0%e0%a4%a4-%e0%a4%b2%e0%a4%a1/feed/</wfw:commentRss>
			<slash:comments>0</slash:comments>
		
		
			</item>
	</channel>
</rss>
