<?xml version="1.0" encoding="UTF-8"?><rss version="2.0"
	xmlns:content="http://purl.org/rss/1.0/modules/content/"
	xmlns:dc="http://purl.org/dc/elements/1.1/"
	xmlns:atom="http://www.w3.org/2005/Atom"
	xmlns:sy="http://purl.org/rss/1.0/modules/syndication/"
	
	>
<channel>
	<title>
	Comments on: Dance Video : पाकिस्तान की खूबसूरत लड़की ने अपने डांस से लोगों को बनाया अपना दीवाना, देखिए ये खूबसूरत डांस वीडियो…	</title>
	<atom:link href="/dance-video-%E0%A4%AA%E0%A4%BE%E0%A4%95%E0%A4%BF%E0%A4%B8%E0%A5%8D%E0%A4%A4%E0%A4%BE%E0%A4%A8-%E0%A4%95%E0%A5%80-%E0%A4%96%E0%A5%82%E0%A4%AC%E0%A4%B8%E0%A5%82%E0%A4%B0%E0%A4%A4-%E0%A4%B2%E0%A4%A1/feed/" rel="self" type="application/rss+xml" />
	<link>/dance-video-%e0%a4%aa%e0%a4%be%e0%a4%95%e0%a4%bf%e0%a4%b8%e0%a5%8d%e0%a4%a4%e0%a4%be%e0%a4%a8-%e0%a4%95%e0%a5%80-%e0%a4%96%e0%a5%82%e0%a4%ac%e0%a4%b8%e0%a5%82%e0%a4%b0%e0%a4%a4-%e0%a4%b2%e0%a4%a1/</link>
	<description></description>
	<lastBuildDate>Sat, 01 Apr 2023 14:19:33 +0000</lastBuildDate>
	<sy:updatePeriod>
	hourly	</sy:updatePeriod>
	<sy:updateFrequency>
	1	</sy:updateFrequency>
	<generator>https://wordpress.org/?v=6.2.2</generator>
</channel>
</rss>
