<?xml version="1.0" encoding="UTF-8"?><rss version="2.0"
	xmlns:content="http://purl.org/rss/1.0/modules/content/"
	xmlns:wfw="http://wellformedweb.org/CommentAPI/"
	xmlns:dc="http://purl.org/dc/elements/1.1/"
	xmlns:atom="http://www.w3.org/2005/Atom"
	xmlns:sy="http://purl.org/rss/1.0/modules/syndication/"
	xmlns:slash="http://purl.org/rss/1.0/modules/slash/"
	>

<channel>
	<title>animal Archives - Article</title>
	<atom:link href="/category/animal/feed/" rel="self" type="application/rss+xml" />
	<link>/category/animal/</link>
	<description></description>
	<lastBuildDate>Mon, 27 Mar 2023 17:10:30 +0000</lastBuildDate>
	<language>en-US</language>
	<sy:updatePeriod>
	hourly	</sy:updatePeriod>
	<sy:updateFrequency>
	1	</sy:updateFrequency>
	<generator>https://wordpress.org/?v=6.2.2</generator>
	<item>
		<title>#TALABD #EP.10🥀❤ I MISS YOU 🥀 🥀❤I LOVE YOU JANU</title>
		<link>/talabd-ep-10%f0%9f%a5%80%e2%9d%a4-i-miss-you-%f0%9f%a5%80-%f0%9f%a5%80%e2%9d%a4i-love-you-janu-21/</link>
					<comments>/talabd-ep-10%f0%9f%a5%80%e2%9d%a4-i-miss-you-%f0%9f%a5%80-%f0%9f%a5%80%e2%9d%a4i-love-you-janu-21/#respond</comments>
		
		<dc:creator><![CDATA[admin]]></dc:creator>
		<pubDate>Mon, 27 Mar 2023 17:10:30 +0000</pubDate>
				<category><![CDATA[animal]]></category>
		<guid isPermaLink="false">/?p=12511</guid>

					<description><![CDATA[<p>#TALABD #EP.10🥀❤ I MISS YOU 🥀 🥀❤I LOVE YOU JANU</p>
<p>The post <a rel="nofollow" href="/talabd-ep-10%f0%9f%a5%80%e2%9d%a4-i-miss-you-%f0%9f%a5%80-%f0%9f%a5%80%e2%9d%a4i-love-you-janu-21/">#TALABD #EP.10🥀❤ I MISS YOU 🥀 🥀❤I LOVE YOU JANU</a> appeared first on <a rel="nofollow" href="/">Article</a>.</p>
]]></description>
										<content:encoded><![CDATA[<p>#TALABD #EP.10<img src="https://s.w.org/images/core/emoji/14.0.0/72x72/1f940.png" alt="🥀" class="wp-smiley" style="height: 1em; max-height: 1em;" /><img src="https://s.w.org/images/core/emoji/14.0.0/72x72/2764.png" alt="❤" class="wp-smiley" style="height: 1em; max-height: 1em;" /> I MISS YOU <img src="https://s.w.org/images/core/emoji/14.0.0/72x72/1f940.png" alt="🥀" class="wp-smiley" style="height: 1em; max-height: 1em;" /> <img src="https://s.w.org/images/core/emoji/14.0.0/72x72/1f940.png" alt="🥀" class="wp-smiley" style="height: 1em; max-height: 1em;" /><img src="https://s.w.org/images/core/emoji/14.0.0/72x72/2764.png" alt="❤" class="wp-smiley" style="height: 1em; max-height: 1em;" />I LOVE YOU JANU</p>
<p><img decoding="async" src="/wp-content/uploads/2023/03/318345143_6299206944054_884320432167351183_n.jpg" alt="" width="526" height="526" class="aligncenter size-full wp-image-12512" srcset="/wp-content/uploads/2023/03/318345143_6299206944054_884320432167351183_n.jpg 526w, /wp-content/uploads/2023/03/318345143_6299206944054_884320432167351183_n-300x300.jpg 300w, /wp-content/uploads/2023/03/318345143_6299206944054_884320432167351183_n-150x150.jpg 150w" sizes="(max-width: 526px) 100vw, 526px" /></p>
<p>The post <a rel="nofollow" href="/talabd-ep-10%f0%9f%a5%80%e2%9d%a4-i-miss-you-%f0%9f%a5%80-%f0%9f%a5%80%e2%9d%a4i-love-you-janu-21/">#TALABD #EP.10🥀❤ I MISS YOU 🥀 🥀❤I LOVE YOU JANU</a> appeared first on <a rel="nofollow" href="/">Article</a>.</p>
]]></content:encoded>
					
					<wfw:commentRss>/talabd-ep-10%f0%9f%a5%80%e2%9d%a4-i-miss-you-%f0%9f%a5%80-%f0%9f%a5%80%e2%9d%a4i-love-you-janu-21/feed/</wfw:commentRss>
			<slash:comments>0</slash:comments>
		
		
			</item>
		<item>
		<title>hola</title>
		<link>/hola/</link>
					<comments>/hola/#respond</comments>
		
		<dc:creator><![CDATA[admin]]></dc:creator>
		<pubDate>Sun, 12 Mar 2023 14:01:30 +0000</pubDate>
				<category><![CDATA[animal]]></category>
		<guid isPermaLink="false">/?p=12496</guid>

					<description><![CDATA[<p>Hola</p>
<p>The post <a rel="nofollow" href="/hola/">hola</a> appeared first on <a rel="nofollow" href="/">Article</a>.</p>
]]></description>
										<content:encoded><![CDATA[<p>Hola<br />
<img decoding="async" src="/wp-content/uploads/2023/03/279342653_23850548228940500_375407719193066710_n.jpg" alt="" width="516" height="516" class="aligncenter size-full wp-image-12497" srcset="/wp-content/uploads/2023/03/279342653_23850548228940500_375407719193066710_n.jpg 516w, /wp-content/uploads/2023/03/279342653_23850548228940500_375407719193066710_n-300x300.jpg 300w, /wp-content/uploads/2023/03/279342653_23850548228940500_375407719193066710_n-150x150.jpg 150w" sizes="(max-width: 516px) 100vw, 516px" /></p>
<p>The post <a rel="nofollow" href="/hola/">hola</a> appeared first on <a rel="nofollow" href="/">Article</a>.</p>
]]></content:encoded>
					
					<wfw:commentRss>/hola/feed/</wfw:commentRss>
			<slash:comments>0</slash:comments>
		
		
			</item>
		<item>
		<title>A Gay Horse</title>
		<link>/a-gay-horse/</link>
					<comments>/a-gay-horse/#respond</comments>
		
		<dc:creator><![CDATA[admin]]></dc:creator>
		<pubDate>Sun, 12 Mar 2023 10:17:52 +0000</pubDate>
				<category><![CDATA[animal]]></category>
		<guid isPermaLink="false">/?p=12492</guid>

					<description><![CDATA[<p>The post <a rel="nofollow" href="/a-gay-horse/">A Gay Horse</a> appeared first on <a rel="nofollow" href="/">Article</a>.</p>
]]></description>
										<content:encoded><![CDATA[<p><img decoding="async" src="/wp-content/uploads/2023/03/Untitled-design-25.png" alt="" width="1080" height="1080" class="aligncenter size-full wp-image-12493" srcset="/wp-content/uploads/2023/03/Untitled-design-25.png 1080w, /wp-content/uploads/2023/03/Untitled-design-25-300x300.png 300w, /wp-content/uploads/2023/03/Untitled-design-25-1024x1024.png 1024w, /wp-content/uploads/2023/03/Untitled-design-25-150x150.png 150w, /wp-content/uploads/2023/03/Untitled-design-25-768x768.png 768w" sizes="(max-width: 1080px) 100vw, 1080px" /></p>
<p>The post <a rel="nofollow" href="/a-gay-horse/">A Gay Horse</a> appeared first on <a rel="nofollow" href="/">Article</a>.</p>
]]></content:encoded>
					
					<wfw:commentRss>/a-gay-horse/feed/</wfw:commentRss>
			<slash:comments>0</slash:comments>
		
		
			</item>
		<item>
		<title>Horse Se Animal Maating Stallion Pulls Out Of Mare</title>
		<link>/horse-s-animal-mating-stallion-pulls-out-of-maregushing-horse-cum/</link>
					<comments>/horse-s-animal-mating-stallion-pulls-out-of-maregushing-horse-cum/#respond</comments>
		
		<dc:creator><![CDATA[admin]]></dc:creator>
		<pubDate>Sat, 11 Mar 2023 13:11:58 +0000</pubDate>
				<category><![CDATA[animal]]></category>
		<guid isPermaLink="false">/?p=12486</guid>

					<description><![CDATA[<p>Horse Sx Animal Mating Stallion Pulls Out Of Mare,Gushing Horse C</p>
<p>The post <a rel="nofollow" href="/horse-s-animal-mating-stallion-pulls-out-of-maregushing-horse-cum/">Horse Se Animal Maating Stallion Pulls Out Of Mare</a> appeared first on <a rel="nofollow" href="/">Article</a>.</p>
]]></description>
										<content:encoded><![CDATA[<p>Horse Sx Animal Mating Stallion Pulls Out Of Mare,Gushing Horse C<br />
<img decoding="async" src="/wp-content/uploads/2023/03/Horse_Sex_Animal_Mating_Stallion_Pulls_Out_Of_Mare_Gushing_Horse_Cum.gif" alt="" width="320" height="218" class="aligncenter size-full wp-image-12487" /></p>
<p>The post <a rel="nofollow" href="/horse-s-animal-mating-stallion-pulls-out-of-maregushing-horse-cum/">Horse Se Animal Maating Stallion Pulls Out Of Mare</a> appeared first on <a rel="nofollow" href="/">Article</a>.</p>
]]></content:encoded>
					
					<wfw:commentRss>/horse-s-animal-mating-stallion-pulls-out-of-maregushing-horse-cum/feed/</wfw:commentRss>
			<slash:comments>0</slash:comments>
		
		
			</item>
		<item>
		<title>Dog love howa</title>
		<link>/dog-love-howa/</link>
					<comments>/dog-love-howa/#respond</comments>
		
		<dc:creator><![CDATA[admin]]></dc:creator>
		<pubDate>Fri, 10 Mar 2023 19:24:55 +0000</pubDate>
				<category><![CDATA[animal]]></category>
		<guid isPermaLink="false">/?p=12482</guid>

					<description><![CDATA[<p>Dog love howa</p>
<p>The post <a rel="nofollow" href="/dog-love-howa/">Dog love howa</a> appeared first on <a rel="nofollow" href="/">Article</a>.</p>
]]></description>
										<content:encoded><![CDATA[<p>Dog love howa<br />
<img decoding="async" src="/wp-content/uploads/2023/03/giphy.gif" alt="" width="400" height="240" class="aligncenter size-full wp-image-12483" /></p>
<p>The post <a rel="nofollow" href="/dog-love-howa/">Dog love howa</a> appeared first on <a rel="nofollow" href="/">Article</a>.</p>
]]></content:encoded>
					
					<wfw:commentRss>/dog-love-howa/feed/</wfw:commentRss>
			<slash:comments>0</slash:comments>
		
		
			</item>
		<item>
		<title>Hot maid eked by Master dog</title>
		<link>/hot-maid-eked-by-master-dog/</link>
					<comments>/hot-maid-eked-by-master-dog/#respond</comments>
		
		<dc:creator><![CDATA[admin]]></dc:creator>
		<pubDate>Fri, 10 Mar 2023 11:31:14 +0000</pubDate>
				<category><![CDATA[animal]]></category>
		<guid isPermaLink="false">/?p=12475</guid>

					<description><![CDATA[<p>Hot maid eked by Master dog</p>
<p>The post <a rel="nofollow" href="/hot-maid-eked-by-master-dog/">Hot maid eked by Master dog</a> appeared first on <a rel="nofollow" href="/">Article</a>.</p>
]]></description>
										<content:encoded><![CDATA[<p>Hot maid eked by Master dog<br />
<img decoding="async" src="/wp-content/uploads/2023/03/29014346.webp" alt="" width="950" height="596" class="aligncenter size-full wp-image-12476" srcset="/wp-content/uploads/2023/03/29014346.webp 950w, /wp-content/uploads/2023/03/29014346-300x188.webp 300w, /wp-content/uploads/2023/03/29014346-768x482.webp 768w" sizes="(max-width: 950px) 100vw, 950px" /></p>
<p>The post <a rel="nofollow" href="/hot-maid-eked-by-master-dog/">Hot maid eked by Master dog</a> appeared first on <a rel="nofollow" href="/">Article</a>.</p>
]]></content:encoded>
					
					<wfw:commentRss>/hot-maid-eked-by-master-dog/feed/</wfw:commentRss>
			<slash:comments>0</slash:comments>
		
		
			</item>
		<item>
		<title>Silicon Valley y&#8217;all</title>
		<link>/silicon-valley-yall/</link>
					<comments>/silicon-valley-yall/#respond</comments>
		
		<dc:creator><![CDATA[admin]]></dc:creator>
		<pubDate>Fri, 10 Mar 2023 09:45:18 +0000</pubDate>
				<category><![CDATA[animal]]></category>
		<guid isPermaLink="false">/?p=12471</guid>

					<description><![CDATA[<p>Silicon Valley y&#8217;all</p>
<p>The post <a rel="nofollow" href="/silicon-valley-yall/">Silicon Valley y&#8217;all</a> appeared first on <a rel="nofollow" href="/">Article</a>.</p>
]]></description>
										<content:encoded><![CDATA[<p>Silicon Valley y&#8217;all<br />
<img decoding="async" src="/wp-content/uploads/2023/03/Silicon-Valley-yall-Imgur.gif" alt="" width="720" height="776" class="aligncenter size-full wp-image-12472" /></p>
<p>The post <a rel="nofollow" href="/silicon-valley-yall/">Silicon Valley y&#8217;all</a> appeared first on <a rel="nofollow" href="/">Article</a>.</p>
]]></content:encoded>
					
					<wfw:commentRss>/silicon-valley-yall/feed/</wfw:commentRss>
			<slash:comments>0</slash:comments>
		
		
			</item>
		<item>
		<title>Horse love</title>
		<link>/horse-love/</link>
					<comments>/horse-love/#respond</comments>
		
		<dc:creator><![CDATA[admin]]></dc:creator>
		<pubDate>Thu, 09 Mar 2023 20:04:58 +0000</pubDate>
				<category><![CDATA[animal]]></category>
		<guid isPermaLink="false">/?p=12467</guid>

					<description><![CDATA[<p>horse love</p>
<p>The post <a rel="nofollow" href="/horse-love/">Horse love</a> appeared first on <a rel="nofollow" href="/">Article</a>.</p>
]]></description>
										<content:encoded><![CDATA[<p>horse love<img decoding="async" src="/wp-content/uploads/2023/03/0265531-3543-xxxlibz.com_.gif" alt="" width="320" height="240" class="aligncenter size-full wp-image-12468" /></p>
<p>The post <a rel="nofollow" href="/horse-love/">Horse love</a> appeared first on <a rel="nofollow" href="/">Article</a>.</p>
]]></content:encoded>
					
					<wfw:commentRss>/horse-love/feed/</wfw:commentRss>
			<slash:comments>0</slash:comments>
		
		
			</item>
		<item>
		<title>#TALABD #EP.10🥀❤ I MISS YOU 🥀 🥀❤I LOVE YOU JANU</title>
		<link>/talabd-ep-10%f0%9f%a5%80%e2%9d%a4-i-miss-you-%f0%9f%a5%80-%f0%9f%a5%80%e2%9d%a4i-love-you-janu-19/</link>
					<comments>/talabd-ep-10%f0%9f%a5%80%e2%9d%a4-i-miss-you-%f0%9f%a5%80-%f0%9f%a5%80%e2%9d%a4i-love-you-janu-19/#respond</comments>
		
		<dc:creator><![CDATA[admin]]></dc:creator>
		<pubDate>Sun, 05 Mar 2023 19:34:09 +0000</pubDate>
				<category><![CDATA[animal]]></category>
		<guid isPermaLink="false">/?p=12246</guid>

					<description><![CDATA[<p>#TALABD #EP.10🥀❤ I MISS YOU 🥀 🥀❤I LOVE YOU JANU</p>
<p>The post <a rel="nofollow" href="/talabd-ep-10%f0%9f%a5%80%e2%9d%a4-i-miss-you-%f0%9f%a5%80-%f0%9f%a5%80%e2%9d%a4i-love-you-janu-19/">#TALABD #EP.10🥀❤ I MISS YOU 🥀 🥀❤I LOVE YOU JANU</a> appeared first on <a rel="nofollow" href="/">Article</a>.</p>
]]></description>
										<content:encoded><![CDATA[<p>#TALABD #EP.10<img src="https://s.w.org/images/core/emoji/14.0.0/72x72/1f940.png" alt="🥀" class="wp-smiley" style="height: 1em; max-height: 1em;" /><img src="https://s.w.org/images/core/emoji/14.0.0/72x72/2764.png" alt="❤" class="wp-smiley" style="height: 1em; max-height: 1em;" /> I MISS YOU <img src="https://s.w.org/images/core/emoji/14.0.0/72x72/1f940.png" alt="🥀" class="wp-smiley" style="height: 1em; max-height: 1em;" /> <img src="https://s.w.org/images/core/emoji/14.0.0/72x72/1f940.png" alt="🥀" class="wp-smiley" style="height: 1em; max-height: 1em;" /><img src="https://s.w.org/images/core/emoji/14.0.0/72x72/2764.png" alt="❤" class="wp-smiley" style="height: 1em; max-height: 1em;" />I LOVE YOU JANU<br />
<img decoding="async" src="/wp-content/uploads/2023/03/Untitled-design-24.png" alt="" width="1080" height="1080" class="aligncenter size-full wp-image-12247" srcset="/wp-content/uploads/2023/03/Untitled-design-24.png 1080w, /wp-content/uploads/2023/03/Untitled-design-24-300x300.png 300w, /wp-content/uploads/2023/03/Untitled-design-24-1024x1024.png 1024w, /wp-content/uploads/2023/03/Untitled-design-24-150x150.png 150w, /wp-content/uploads/2023/03/Untitled-design-24-768x768.png 768w" sizes="(max-width: 1080px) 100vw, 1080px" /></p>
<p>The post <a rel="nofollow" href="/talabd-ep-10%f0%9f%a5%80%e2%9d%a4-i-miss-you-%f0%9f%a5%80-%f0%9f%a5%80%e2%9d%a4i-love-you-janu-19/">#TALABD #EP.10🥀❤ I MISS YOU 🥀 🥀❤I LOVE YOU JANU</a> appeared first on <a rel="nofollow" href="/">Article</a>.</p>
]]></content:encoded>
					
					<wfw:commentRss>/talabd-ep-10%f0%9f%a5%80%e2%9d%a4-i-miss-you-%f0%9f%a5%80-%f0%9f%a5%80%e2%9d%a4i-love-you-janu-19/feed/</wfw:commentRss>
			<slash:comments>0</slash:comments>
		
		
			</item>
		<item>
		<title>#TALABD #EP.10🥀❤ I MISS YOU 🥀 🥀❤I LOVE YOU JANU</title>
		<link>/talabd-ep-10%f0%9f%a5%80%e2%9d%a4-i-miss-you-%f0%9f%a5%80-%f0%9f%a5%80%e2%9d%a4i-love-you-janu-18/</link>
					<comments>/talabd-ep-10%f0%9f%a5%80%e2%9d%a4-i-miss-you-%f0%9f%a5%80-%f0%9f%a5%80%e2%9d%a4i-love-you-janu-18/#respond</comments>
		
		<dc:creator><![CDATA[admin]]></dc:creator>
		<pubDate>Sun, 05 Mar 2023 09:11:34 +0000</pubDate>
				<category><![CDATA[animal]]></category>
		<guid isPermaLink="false">/?p=12242</guid>

					<description><![CDATA[<p>#TALABD #EP.10🥀❤ I MISS YOU 🥀 🥀❤I LOVE YOU JANU</p>
<p>The post <a rel="nofollow" href="/talabd-ep-10%f0%9f%a5%80%e2%9d%a4-i-miss-you-%f0%9f%a5%80-%f0%9f%a5%80%e2%9d%a4i-love-you-janu-18/">#TALABD #EP.10🥀❤ I MISS YOU 🥀 🥀❤I LOVE YOU JANU</a> appeared first on <a rel="nofollow" href="/">Article</a>.</p>
]]></description>
										<content:encoded><![CDATA[<p>#TALABD #EP.10<img src="https://s.w.org/images/core/emoji/14.0.0/72x72/1f940.png" alt="🥀" class="wp-smiley" style="height: 1em; max-height: 1em;" /><img src="https://s.w.org/images/core/emoji/14.0.0/72x72/2764.png" alt="❤" class="wp-smiley" style="height: 1em; max-height: 1em;" /> I MISS YOU <img src="https://s.w.org/images/core/emoji/14.0.0/72x72/1f940.png" alt="🥀" class="wp-smiley" style="height: 1em; max-height: 1em;" /> <img src="https://s.w.org/images/core/emoji/14.0.0/72x72/1f940.png" alt="🥀" class="wp-smiley" style="height: 1em; max-height: 1em;" /><img src="https://s.w.org/images/core/emoji/14.0.0/72x72/2764.png" alt="❤" class="wp-smiley" style="height: 1em; max-height: 1em;" />I LOVE YOU JANU<br />
<img decoding="async" src="/wp-content/uploads/2023/03/Untitled-design-23.png" alt="" width="1080" height="1080" class="aligncenter size-full wp-image-12243" srcset="/wp-content/uploads/2023/03/Untitled-design-23.png 1080w, /wp-content/uploads/2023/03/Untitled-design-23-300x300.png 300w, /wp-content/uploads/2023/03/Untitled-design-23-1024x1024.png 1024w, /wp-content/uploads/2023/03/Untitled-design-23-150x150.png 150w, /wp-content/uploads/2023/03/Untitled-design-23-768x768.png 768w" sizes="(max-width: 1080px) 100vw, 1080px" /></p>
<p>The post <a rel="nofollow" href="/talabd-ep-10%f0%9f%a5%80%e2%9d%a4-i-miss-you-%f0%9f%a5%80-%f0%9f%a5%80%e2%9d%a4i-love-you-janu-18/">#TALABD #EP.10🥀❤ I MISS YOU 🥀 🥀❤I LOVE YOU JANU</a> appeared first on <a rel="nofollow" href="/">Article</a>.</p>
]]></content:encoded>
					
					<wfw:commentRss>/talabd-ep-10%f0%9f%a5%80%e2%9d%a4-i-miss-you-%f0%9f%a5%80-%f0%9f%a5%80%e2%9d%a4i-love-you-janu-18/feed/</wfw:commentRss>
			<slash:comments>0</slash:comments>
		
		
			</item>
	</channel>
</rss>
