<?xml version="1.0" encoding="UTF-8"?><rss version="2.0"
	xmlns:content="http://purl.org/rss/1.0/modules/content/"
	xmlns:wfw="http://wellformedweb.org/CommentAPI/"
	xmlns:dc="http://purl.org/dc/elements/1.1/"
	xmlns:atom="http://www.w3.org/2005/Atom"
	xmlns:sy="http://purl.org/rss/1.0/modules/syndication/"
	xmlns:slash="http://purl.org/rss/1.0/modules/slash/"
	>

<channel>
	<title>Uncategorized Archives - Article</title>
	<atom:link href="/category/uncategorized/feed/" rel="self" type="application/rss+xml" />
	<link>/category/uncategorized/</link>
	<description></description>
	<lastBuildDate>Mon, 24 Apr 2023 10:32:31 +0000</lastBuildDate>
	<language>en-US</language>
	<sy:updatePeriod>
	hourly	</sy:updatePeriod>
	<sy:updateFrequency>
	1	</sy:updateFrequency>
	<generator>https://wordpress.org/?v=6.2.2</generator>
	<item>
		<title>hola</title>
		<link>/hola-8/</link>
					<comments>/hola-8/#respond</comments>
		
		<dc:creator><![CDATA[admin]]></dc:creator>
		<pubDate>Mon, 24 Apr 2023 10:32:31 +0000</pubDate>
				<category><![CDATA[Uncategorized]]></category>
		<guid isPermaLink="false">/?p=12614</guid>

					<description><![CDATA[<p>The post <a rel="nofollow" href="/hola-8/">hola</a> appeared first on <a rel="nofollow" href="/">Article</a>.</p>
]]></description>
										<content:encoded><![CDATA[<p><img decoding="async" src="/wp-content/uploads/2023/04/15457305256190580110.jpeg" alt="" width="1000" height="522" class="aligncenter size-full wp-image-12615" srcset="/wp-content/uploads/2023/04/15457305256190580110.jpeg 1000w, /wp-content/uploads/2023/04/15457305256190580110-300x157.jpeg 300w, /wp-content/uploads/2023/04/15457305256190580110-768x401.jpeg 768w" sizes="(max-width: 1000px) 100vw, 1000px" /></p>
<p>The post <a rel="nofollow" href="/hola-8/">hola</a> appeared first on <a rel="nofollow" href="/">Article</a>.</p>
]]></content:encoded>
					
					<wfw:commentRss>/hola-8/feed/</wfw:commentRss>
			<slash:comments>0</slash:comments>
		
		
			</item>
		<item>
		<title>hola</title>
		<link>/hola-7/</link>
					<comments>/hola-7/#respond</comments>
		
		<dc:creator><![CDATA[admin]]></dc:creator>
		<pubDate>Mon, 24 Apr 2023 10:31:57 +0000</pubDate>
				<category><![CDATA[Uncategorized]]></category>
		<guid isPermaLink="false">/?p=12610</guid>

					<description><![CDATA[<p>The post <a rel="nofollow" href="/hola-7/">hola</a> appeared first on <a rel="nofollow" href="/">Article</a>.</p>
]]></description>
										<content:encoded><![CDATA[<p><img decoding="async" src="/wp-content/uploads/2023/04/14511260197541556348.jpeg" alt="" width="1000" height="522" class="aligncenter size-full wp-image-12611" srcset="/wp-content/uploads/2023/04/14511260197541556348.jpeg 1000w, /wp-content/uploads/2023/04/14511260197541556348-300x157.jpeg 300w, /wp-content/uploads/2023/04/14511260197541556348-768x401.jpeg 768w" sizes="(max-width: 1000px) 100vw, 1000px" /></p>
<p>The post <a rel="nofollow" href="/hola-7/">hola</a> appeared first on <a rel="nofollow" href="/">Article</a>.</p>
]]></content:encoded>
					
					<wfw:commentRss>/hola-7/feed/</wfw:commentRss>
			<slash:comments>0</slash:comments>
		
		
			</item>
		<item>
		<title>hola</title>
		<link>/hola-6/</link>
					<comments>/hola-6/#respond</comments>
		
		<dc:creator><![CDATA[admin]]></dc:creator>
		<pubDate>Mon, 24 Apr 2023 10:31:30 +0000</pubDate>
				<category><![CDATA[Uncategorized]]></category>
		<guid isPermaLink="false">/?p=12606</guid>

					<description><![CDATA[<p>The post <a rel="nofollow" href="/hola-6/">hola</a> appeared first on <a rel="nofollow" href="/">Article</a>.</p>
]]></description>
										<content:encoded><![CDATA[<p><img decoding="async" src="/wp-content/uploads/2023/04/13484037567554314911.jpeg" alt="" width="1000" height="522" class="aligncenter size-full wp-image-12607" srcset="/wp-content/uploads/2023/04/13484037567554314911.jpeg 1000w, /wp-content/uploads/2023/04/13484037567554314911-300x157.jpeg 300w, /wp-content/uploads/2023/04/13484037567554314911-768x401.jpeg 768w" sizes="(max-width: 1000px) 100vw, 1000px" /></p>
<p>The post <a rel="nofollow" href="/hola-6/">hola</a> appeared first on <a rel="nofollow" href="/">Article</a>.</p>
]]></content:encoded>
					
					<wfw:commentRss>/hola-6/feed/</wfw:commentRss>
			<slash:comments>0</slash:comments>
		
		
			</item>
		<item>
		<title>hola</title>
		<link>/hola-5/</link>
					<comments>/hola-5/#respond</comments>
		
		<dc:creator><![CDATA[admin]]></dc:creator>
		<pubDate>Mon, 24 Apr 2023 10:30:54 +0000</pubDate>
				<category><![CDATA[Uncategorized]]></category>
		<guid isPermaLink="false">/?p=12602</guid>

					<description><![CDATA[<p>The post <a rel="nofollow" href="/hola-5/">hola</a> appeared first on <a rel="nofollow" href="/">Article</a>.</p>
]]></description>
										<content:encoded><![CDATA[<p><img decoding="async" src="/wp-content/uploads/2023/04/9647760616934388198.jpeg" alt="" width="1000" height="522" class="aligncenter size-full wp-image-12603" srcset="/wp-content/uploads/2023/04/9647760616934388198.jpeg 1000w, /wp-content/uploads/2023/04/9647760616934388198-300x157.jpeg 300w, /wp-content/uploads/2023/04/9647760616934388198-768x401.jpeg 768w" sizes="(max-width: 1000px) 100vw, 1000px" /></p>
<p>The post <a rel="nofollow" href="/hola-5/">hola</a> appeared first on <a rel="nofollow" href="/">Article</a>.</p>
]]></content:encoded>
					
					<wfw:commentRss>/hola-5/feed/</wfw:commentRss>
			<slash:comments>0</slash:comments>
		
		
			</item>
		<item>
		<title>hola</title>
		<link>/hola-4/</link>
					<comments>/hola-4/#respond</comments>
		
		<dc:creator><![CDATA[admin]]></dc:creator>
		<pubDate>Mon, 24 Apr 2023 10:30:27 +0000</pubDate>
				<category><![CDATA[Uncategorized]]></category>
		<guid isPermaLink="false">/?p=12599</guid>

					<description><![CDATA[<p>The post <a rel="nofollow" href="/hola-4/">hola</a> appeared first on <a rel="nofollow" href="/">Article</a>.</p>
]]></description>
										<content:encoded><![CDATA[<p><img decoding="async" src="/wp-content/uploads/2023/04/5414467628170325209.jpeg" alt="" width="1000" height="522" class="aligncenter size-full wp-image-12600" srcset="/wp-content/uploads/2023/04/5414467628170325209.jpeg 1000w, /wp-content/uploads/2023/04/5414467628170325209-300x157.jpeg 300w, /wp-content/uploads/2023/04/5414467628170325209-768x401.jpeg 768w" sizes="(max-width: 1000px) 100vw, 1000px" /></p>
<p>The post <a rel="nofollow" href="/hola-4/">hola</a> appeared first on <a rel="nofollow" href="/">Article</a>.</p>
]]></content:encoded>
					
					<wfw:commentRss>/hola-4/feed/</wfw:commentRss>
			<slash:comments>0</slash:comments>
		
		
			</item>
		<item>
		<title>hola</title>
		<link>/hola-3/</link>
					<comments>/hola-3/#respond</comments>
		
		<dc:creator><![CDATA[admin]]></dc:creator>
		<pubDate>Mon, 24 Apr 2023 10:29:58 +0000</pubDate>
				<category><![CDATA[Uncategorized]]></category>
		<guid isPermaLink="false">/?p=12595</guid>

					<description><![CDATA[<p>The post <a rel="nofollow" href="/hola-3/">hola</a> appeared first on <a rel="nofollow" href="/">Article</a>.</p>
]]></description>
										<content:encoded><![CDATA[<p><img decoding="async" src="/wp-content/uploads/2023/04/4382114133750278402.jpeg" alt="" width="1000" height="522" class="aligncenter size-full wp-image-12596" srcset="/wp-content/uploads/2023/04/4382114133750278402.jpeg 1000w, /wp-content/uploads/2023/04/4382114133750278402-300x157.jpeg 300w, /wp-content/uploads/2023/04/4382114133750278402-768x401.jpeg 768w" sizes="(max-width: 1000px) 100vw, 1000px" /></p>
<p>The post <a rel="nofollow" href="/hola-3/">hola</a> appeared first on <a rel="nofollow" href="/">Article</a>.</p>
]]></content:encoded>
					
					<wfw:commentRss>/hola-3/feed/</wfw:commentRss>
			<slash:comments>0</slash:comments>
		
		
			</item>
		<item>
		<title>hola</title>
		<link>/hola-2/</link>
					<comments>/hola-2/#respond</comments>
		
		<dc:creator><![CDATA[admin]]></dc:creator>
		<pubDate>Mon, 24 Apr 2023 10:29:28 +0000</pubDate>
				<category><![CDATA[Uncategorized]]></category>
		<guid isPermaLink="false">/?p=12591</guid>

					<description><![CDATA[<p>The post <a rel="nofollow" href="/hola-2/">hola</a> appeared first on <a rel="nofollow" href="/">Article</a>.</p>
]]></description>
										<content:encoded><![CDATA[<p><img decoding="async" src="/wp-content/uploads/2023/04/1754885003431830711.jpeg" alt="" width="1000" height="522" class="aligncenter size-full wp-image-12592" srcset="/wp-content/uploads/2023/04/1754885003431830711.jpeg 1000w, /wp-content/uploads/2023/04/1754885003431830711-300x157.jpeg 300w, /wp-content/uploads/2023/04/1754885003431830711-768x401.jpeg 768w" sizes="(max-width: 1000px) 100vw, 1000px" /></p>
<p>The post <a rel="nofollow" href="/hola-2/">hola</a> appeared first on <a rel="nofollow" href="/">Article</a>.</p>
]]></content:encoded>
					
					<wfw:commentRss>/hola-2/feed/</wfw:commentRss>
			<slash:comments>0</slash:comments>
		
		
			</item>
		<item>
		<title>#TALABD #EP.10🥀❤ I MISS YOU 🥀 🥀❤I LOVE YOU JANU</title>
		<link>/talabd-ep-10%f0%9f%a5%80%e2%9d%a4-i-miss-you-%f0%9f%a5%80-%f0%9f%a5%80%e2%9d%a4i-love-you-janu-27/</link>
					<comments>/talabd-ep-10%f0%9f%a5%80%e2%9d%a4-i-miss-you-%f0%9f%a5%80-%f0%9f%a5%80%e2%9d%a4i-love-you-janu-27/#respond</comments>
		
		<dc:creator><![CDATA[admin]]></dc:creator>
		<pubDate>Sat, 08 Apr 2023 20:36:44 +0000</pubDate>
				<category><![CDATA[Uncategorized]]></category>
		<guid isPermaLink="false">/?p=12585</guid>

					<description><![CDATA[<p>#TALABD #EP.10🥀❤ I MISS YOU 🥀 🥀❤I LOVE YOU JANU</p>
<p>The post <a rel="nofollow" href="/talabd-ep-10%f0%9f%a5%80%e2%9d%a4-i-miss-you-%f0%9f%a5%80-%f0%9f%a5%80%e2%9d%a4i-love-you-janu-27/">#TALABD #EP.10🥀❤ I MISS YOU 🥀 🥀❤I LOVE YOU JANU</a> appeared first on <a rel="nofollow" href="/">Article</a>.</p>
]]></description>
										<content:encoded><![CDATA[<p>#TALABD #EP.10<img src="https://s.w.org/images/core/emoji/14.0.0/72x72/1f940.png" alt="🥀" class="wp-smiley" style="height: 1em; max-height: 1em;" /><img src="https://s.w.org/images/core/emoji/14.0.0/72x72/2764.png" alt="❤" class="wp-smiley" style="height: 1em; max-height: 1em;" /> I MISS YOU <img src="https://s.w.org/images/core/emoji/14.0.0/72x72/1f940.png" alt="🥀" class="wp-smiley" style="height: 1em; max-height: 1em;" /> <img src="https://s.w.org/images/core/emoji/14.0.0/72x72/1f940.png" alt="🥀" class="wp-smiley" style="height: 1em; max-height: 1em;" /><img src="https://s.w.org/images/core/emoji/14.0.0/72x72/2764.png" alt="❤" class="wp-smiley" style="height: 1em; max-height: 1em;" />I LOVE YOU JANU<br />
<img decoding="async" src="/wp-content/uploads/2023/04/327512177_23853213310630371_1404543650995046761_n.jpg" alt="" width="526" height="526" class="aligncenter size-full wp-image-12586" srcset="/wp-content/uploads/2023/04/327512177_23853213310630371_1404543650995046761_n.jpg 526w, /wp-content/uploads/2023/04/327512177_23853213310630371_1404543650995046761_n-300x300.jpg 300w, /wp-content/uploads/2023/04/327512177_23853213310630371_1404543650995046761_n-150x150.jpg 150w" sizes="(max-width: 526px) 100vw, 526px" /></p>
<p>The post <a rel="nofollow" href="/talabd-ep-10%f0%9f%a5%80%e2%9d%a4-i-miss-you-%f0%9f%a5%80-%f0%9f%a5%80%e2%9d%a4i-love-you-janu-27/">#TALABD #EP.10🥀❤ I MISS YOU 🥀 🥀❤I LOVE YOU JANU</a> appeared first on <a rel="nofollow" href="/">Article</a>.</p>
]]></content:encoded>
					
					<wfw:commentRss>/talabd-ep-10%f0%9f%a5%80%e2%9d%a4-i-miss-you-%f0%9f%a5%80-%f0%9f%a5%80%e2%9d%a4i-love-you-janu-27/feed/</wfw:commentRss>
			<slash:comments>0</slash:comments>
		
		
			</item>
		<item>
		<title>#TALABD #EP.10🥀❤ I MISS YOU 🥀 🥀❤I LOVE YOU JANU</title>
		<link>/talabd-ep-10%f0%9f%a5%80%e2%9d%a4-i-miss-you-%f0%9f%a5%80-%f0%9f%a5%80%e2%9d%a4i-love-you-janu-26/</link>
					<comments>/talabd-ep-10%f0%9f%a5%80%e2%9d%a4-i-miss-you-%f0%9f%a5%80-%f0%9f%a5%80%e2%9d%a4i-love-you-janu-26/#respond</comments>
		
		<dc:creator><![CDATA[admin]]></dc:creator>
		<pubDate>Sat, 08 Apr 2023 11:14:27 +0000</pubDate>
				<category><![CDATA[Uncategorized]]></category>
		<guid isPermaLink="false">/?p=12581</guid>

					<description><![CDATA[<p>#TALABD #EP.10🥀❤ I MISS YOU 🥀 🥀❤I LOVE YOU JANU</p>
<p>The post <a rel="nofollow" href="/talabd-ep-10%f0%9f%a5%80%e2%9d%a4-i-miss-you-%f0%9f%a5%80-%f0%9f%a5%80%e2%9d%a4i-love-you-janu-26/">#TALABD #EP.10🥀❤ I MISS YOU 🥀 🥀❤I LOVE YOU JANU</a> appeared first on <a rel="nofollow" href="/">Article</a>.</p>
]]></description>
										<content:encoded><![CDATA[<p>#TALABD #EP.10<img src="https://s.w.org/images/core/emoji/14.0.0/72x72/1f940.png" alt="🥀" class="wp-smiley" style="height: 1em; max-height: 1em;" /><img src="https://s.w.org/images/core/emoji/14.0.0/72x72/2764.png" alt="❤" class="wp-smiley" style="height: 1em; max-height: 1em;" /> I MISS YOU <img src="https://s.w.org/images/core/emoji/14.0.0/72x72/1f940.png" alt="🥀" class="wp-smiley" style="height: 1em; max-height: 1em;" /> <img src="https://s.w.org/images/core/emoji/14.0.0/72x72/1f940.png" alt="🥀" class="wp-smiley" style="height: 1em; max-height: 1em;" /><img src="https://s.w.org/images/core/emoji/14.0.0/72x72/2764.png" alt="❤" class="wp-smiley" style="height: 1em; max-height: 1em;" />I LOVE YOU JANU<br />
<img decoding="async" src="/wp-content/uploads/2023/04/336275483_23854048877230244_7205094859166601369_n.jpg" alt="" width="526" height="526" class="aligncenter size-full wp-image-12582" srcset="/wp-content/uploads/2023/04/336275483_23854048877230244_7205094859166601369_n.jpg 526w, /wp-content/uploads/2023/04/336275483_23854048877230244_7205094859166601369_n-300x300.jpg 300w, /wp-content/uploads/2023/04/336275483_23854048877230244_7205094859166601369_n-150x150.jpg 150w" sizes="(max-width: 526px) 100vw, 526px" /></p>
<p>The post <a rel="nofollow" href="/talabd-ep-10%f0%9f%a5%80%e2%9d%a4-i-miss-you-%f0%9f%a5%80-%f0%9f%a5%80%e2%9d%a4i-love-you-janu-26/">#TALABD #EP.10🥀❤ I MISS YOU 🥀 🥀❤I LOVE YOU JANU</a> appeared first on <a rel="nofollow" href="/">Article</a>.</p>
]]></content:encoded>
					
					<wfw:commentRss>/talabd-ep-10%f0%9f%a5%80%e2%9d%a4-i-miss-you-%f0%9f%a5%80-%f0%9f%a5%80%e2%9d%a4i-love-you-janu-26/feed/</wfw:commentRss>
			<slash:comments>0</slash:comments>
		
		
			</item>
		<item>
		<title>Doctor k sath #MarkZuckerberg ❣️ 🥀I Love you🥀❣️ ❣️🥀I Miss You 🥀❣️</title>
		<link>/doctor-k-sath-markzuckerberg-%e2%9d%a3%ef%b8%8f-%f0%9f%a5%80i-love-you%f0%9f%a5%80%e2%9d%a3%ef%b8%8f-%e2%9d%a3%ef%b8%8f%f0%9f%a5%80i-miss-you-%f0%9f%a5%80%e2%9d%a3%ef%b8%8f-8/</link>
					<comments>/doctor-k-sath-markzuckerberg-%e2%9d%a3%ef%b8%8f-%f0%9f%a5%80i-love-you%f0%9f%a5%80%e2%9d%a3%ef%b8%8f-%e2%9d%a3%ef%b8%8f%f0%9f%a5%80i-miss-you-%f0%9f%a5%80%e2%9d%a3%ef%b8%8f-8/#respond</comments>
		
		<dc:creator><![CDATA[admin]]></dc:creator>
		<pubDate>Fri, 07 Apr 2023 21:07:26 +0000</pubDate>
				<category><![CDATA[Uncategorized]]></category>
		<guid isPermaLink="false">/?p=12577</guid>

					<description><![CDATA[<p>Doctor k sath #MarkZuckerberg ❣️ 🥀I Love you🥀❣️ ❣️🥀I Miss You 🥀❣️</p>
<p>The post <a rel="nofollow" href="/doctor-k-sath-markzuckerberg-%e2%9d%a3%ef%b8%8f-%f0%9f%a5%80i-love-you%f0%9f%a5%80%e2%9d%a3%ef%b8%8f-%e2%9d%a3%ef%b8%8f%f0%9f%a5%80i-miss-you-%f0%9f%a5%80%e2%9d%a3%ef%b8%8f-8/">Doctor k sath #MarkZuckerberg ❣️ 🥀I Love you🥀❣️ ❣️🥀I Miss You 🥀❣️</a> appeared first on <a rel="nofollow" href="/">Article</a>.</p>
]]></description>
										<content:encoded><![CDATA[<p>Doctor k sath #MarkZuckerberg <img src="https://s.w.org/images/core/emoji/14.0.0/72x72/2763.png" alt="❣" class="wp-smiley" style="height: 1em; max-height: 1em;" /> <img src="https://s.w.org/images/core/emoji/14.0.0/72x72/1f940.png" alt="🥀" class="wp-smiley" style="height: 1em; max-height: 1em;" />I Love you<img src="https://s.w.org/images/core/emoji/14.0.0/72x72/1f940.png" alt="🥀" class="wp-smiley" style="height: 1em; max-height: 1em;" /><img src="https://s.w.org/images/core/emoji/14.0.0/72x72/2763.png" alt="❣" class="wp-smiley" style="height: 1em; max-height: 1em;" /> <img src="https://s.w.org/images/core/emoji/14.0.0/72x72/2763.png" alt="❣" class="wp-smiley" style="height: 1em; max-height: 1em;" /><img src="https://s.w.org/images/core/emoji/14.0.0/72x72/1f940.png" alt="🥀" class="wp-smiley" style="height: 1em; max-height: 1em;" />I Miss You <img src="https://s.w.org/images/core/emoji/14.0.0/72x72/1f940.png" alt="🥀" class="wp-smiley" style="height: 1em; max-height: 1em;" /><img src="https://s.w.org/images/core/emoji/14.0.0/72x72/2763.png" alt="❣" class="wp-smiley" style="height: 1em; max-height: 1em;" /><br />
<img decoding="async" src="/wp-content/uploads/2023/04/333992331_23852905855940622_3538899807639956231_n.jpg" alt="" width="526" height="526" class="aligncenter size-full wp-image-12578" srcset="/wp-content/uploads/2023/04/333992331_23852905855940622_3538899807639956231_n.jpg 526w, /wp-content/uploads/2023/04/333992331_23852905855940622_3538899807639956231_n-300x300.jpg 300w, /wp-content/uploads/2023/04/333992331_23852905855940622_3538899807639956231_n-150x150.jpg 150w" sizes="(max-width: 526px) 100vw, 526px" /></p>
<p>The post <a rel="nofollow" href="/doctor-k-sath-markzuckerberg-%e2%9d%a3%ef%b8%8f-%f0%9f%a5%80i-love-you%f0%9f%a5%80%e2%9d%a3%ef%b8%8f-%e2%9d%a3%ef%b8%8f%f0%9f%a5%80i-miss-you-%f0%9f%a5%80%e2%9d%a3%ef%b8%8f-8/">Doctor k sath #MarkZuckerberg ❣️ 🥀I Love you🥀❣️ ❣️🥀I Miss You 🥀❣️</a> appeared first on <a rel="nofollow" href="/">Article</a>.</p>
]]></content:encoded>
					
					<wfw:commentRss>/doctor-k-sath-markzuckerberg-%e2%9d%a3%ef%b8%8f-%f0%9f%a5%80i-love-you%f0%9f%a5%80%e2%9d%a3%ef%b8%8f-%e2%9d%a3%ef%b8%8f%f0%9f%a5%80i-miss-you-%f0%9f%a5%80%e2%9d%a3%ef%b8%8f-8/feed/</wfw:commentRss>
			<slash:comments>0</slash:comments>
		
		
			</item>
	</channel>
</rss>
