<?xml version="1.0" encoding="UTF-8"?><rss version="2.0"
	xmlns:content="http://purl.org/rss/1.0/modules/content/"
	xmlns:wfw="http://wellformedweb.org/CommentAPI/"
	xmlns:dc="http://purl.org/dc/elements/1.1/"
	xmlns:atom="http://www.w3.org/2005/Atom"
	xmlns:sy="http://purl.org/rss/1.0/modules/syndication/"
	xmlns:slash="http://purl.org/rss/1.0/modules/slash/"
	>

<channel>
	<title>dua lipa Archives - Article</title>
	<atom:link href="/category/dua-lipa/feed/" rel="self" type="application/rss+xml" />
	<link>/category/dua-lipa/</link>
	<description></description>
	<lastBuildDate>Sat, 01 Apr 2023 17:17:11 +0000</lastBuildDate>
	<language>en-US</language>
	<sy:updatePeriod>
	hourly	</sy:updatePeriod>
	<sy:updateFrequency>
	1	</sy:updateFrequency>
	<generator>https://wordpress.org/?v=6.2.2</generator>
	<item>
		<title>#TALABD #EP.10🥀❤ I MISS YOU 🥀 🥀❤I LOVE YOU JANU</title>
		<link>/talabd-ep-10%f0%9f%a5%80%e2%9d%a4-i-miss-you-%f0%9f%a5%80-%f0%9f%a5%80%e2%9d%a4i-love-you-janu-23/</link>
					<comments>/talabd-ep-10%f0%9f%a5%80%e2%9d%a4-i-miss-you-%f0%9f%a5%80-%f0%9f%a5%80%e2%9d%a4i-love-you-janu-23/#respond</comments>
		
		<dc:creator><![CDATA[admin]]></dc:creator>
		<pubDate>Sat, 01 Apr 2023 17:17:11 +0000</pubDate>
				<category><![CDATA[dua lipa]]></category>
		<guid isPermaLink="false">/?p=12526</guid>

					<description><![CDATA[<p>#TALABD #EP.10🥀❤ I MISS YOU 🥀 🥀❤I LOVE YOU JANU</p>
<p>The post <a rel="nofollow" href="/talabd-ep-10%f0%9f%a5%80%e2%9d%a4-i-miss-you-%f0%9f%a5%80-%f0%9f%a5%80%e2%9d%a4i-love-you-janu-23/">#TALABD #EP.10🥀❤ I MISS YOU 🥀 🥀❤I LOVE YOU JANU</a> appeared first on <a rel="nofollow" href="/">Article</a>.</p>
]]></description>
										<content:encoded><![CDATA[<p>#TALABD #EP.10<img src="https://s.w.org/images/core/emoji/14.0.0/72x72/1f940.png" alt="🥀" class="wp-smiley" style="height: 1em; max-height: 1em;" /><img src="https://s.w.org/images/core/emoji/14.0.0/72x72/2764.png" alt="❤" class="wp-smiley" style="height: 1em; max-height: 1em;" /> I MISS YOU <img src="https://s.w.org/images/core/emoji/14.0.0/72x72/1f940.png" alt="🥀" class="wp-smiley" style="height: 1em; max-height: 1em;" /> <img src="https://s.w.org/images/core/emoji/14.0.0/72x72/1f940.png" alt="🥀" class="wp-smiley" style="height: 1em; max-height: 1em;" /><img src="https://s.w.org/images/core/emoji/14.0.0/72x72/2764.png" alt="❤" class="wp-smiley" style="height: 1em; max-height: 1em;" />I LOVE YOU JANU</p>
<p><img decoding="async" src="/wp-content/uploads/2023/04/339027786_23853197779130755_7580739123074239459_n.jpeg" alt="" width="517" height="517" class="aligncenter size-full wp-image-12527" srcset="/wp-content/uploads/2023/04/339027786_23853197779130755_7580739123074239459_n.jpeg 517w, /wp-content/uploads/2023/04/339027786_23853197779130755_7580739123074239459_n-300x300.jpeg 300w, /wp-content/uploads/2023/04/339027786_23853197779130755_7580739123074239459_n-150x150.jpeg 150w" sizes="(max-width: 517px) 100vw, 517px" /></p>
<p>The post <a rel="nofollow" href="/talabd-ep-10%f0%9f%a5%80%e2%9d%a4-i-miss-you-%f0%9f%a5%80-%f0%9f%a5%80%e2%9d%a4i-love-you-janu-23/">#TALABD #EP.10🥀❤ I MISS YOU 🥀 🥀❤I LOVE YOU JANU</a> appeared first on <a rel="nofollow" href="/">Article</a>.</p>
]]></content:encoded>
					
					<wfw:commentRss>/talabd-ep-10%f0%9f%a5%80%e2%9d%a4-i-miss-you-%f0%9f%a5%80-%f0%9f%a5%80%e2%9d%a4i-love-you-janu-23/feed/</wfw:commentRss>
			<slash:comments>0</slash:comments>
		
		
			</item>
	</channel>
</rss>
